id,zipCode,location.lat,location.lon,status,availability.bikes,availability.slots,slots_proportion,bikes_proportion
55,06700,19.434356,-99.138064,OPN,7,8,0.5333333333333333,0.4666666666666667
124,06500,19.422392,-99.150358,OPN,22,13,0.37142857142857144,0.6285714285714286
159,06760,19.407517,-99.155373,OPN,15,21,0.5833333333333334,0.41666666666666663
241,11520,19.43862,-99.20758,OPN,0,24,1.0,0.0
243,11510,19.440839,-99.196712,OPN,0,27,1.0,0.0
350,3710,19.384062,-99.181482,OPN,9,21,0.7,0.30000000000000004
445,3340,19.35827,-99.156105,OPN,10,14,0.5833333333333334,0.41666666666666663
463,11529,19.442338,-99.202492,OPN,6,20,0.7692307692307693,0.23076923076923073
469,11300,19.434183,-99.173089,OPN,0,23,1.0,0.0
470,11300,19.435039,-99.173879,OPN,9,15,0.625,0.375
471,11300,19.436287,-99.174888,OPN,2,22,0.9166666666666666,0.08333333333333337
472,11300,19.437667,-99.17711,OPN,1,23,0.9583333333333334,0.04166666666666663
473,11300,19.438143,-99.17519,OPN,0,34,1.0,0.0
452,11590,19.435031,-99.179838,OPN,0,18,1.0,0.0
246,11510,19.434147,-99.179835,OPN,1,13,0.9285714285714286,0.0714285714285714
247,11510,19.432276,-99.18064,OPN,1,23,0.9583333333333334,0.04166666666666663
248,11510,19.43175,-99.177399,OPN,2,22,0.9166666666666666,0.08333333333333337
249,11510,19.429877,-99.177569,OPN,0,18,1.0,0.0
250,11510,19.429057,-99.17966,OPN,9,17,0.6538461538461539,0.34615384615384615
251,11510,19.429261,-99.17538,OPN,5,13,0.7222222222222222,0.2777777777777778
252,11510,19.427575,-99.17702,OPN,4,14,0.7777777777777778,0.2222222222222222
253,11510,19.425835,-99.177924,OPN,4,17,0.8095238095238095,0.19047619047619047
433,3104,19.363558,-99.170819,OPN,11,10,0.47619047619047616,0.5238095238095238
434,3104,19.363741,-99.171268,OPN,13,6,0.3157894736842105,0.6842105263157895
423,3240,19.367631,-99.175342,OPN,2,21,0.9130434782608695,0.08695652173913049
436,3240,19.366217,-99.177819,OPN,0,27,1.0,0.0
437,3240,19.36480833,-99.17602222,OPN,0,21,1.0,0.0
438,3240,19.36479722,-99.17458333,OPN,3,20,0.8695652173913043,0.13043478260869568
439,3240,19.36218889,-99.17246667,OPN,7,11,0.6111111111111112,0.38888888888888884
420,3230,19.369723,-99.17964,OPN,1,26,0.9629629629629629,0.03703703703703709
421,3230,19.369467,-99.179401,OPN,2,28,0.9333333333333333,0.06666666666666665
422,3230,19.368356,-99.177487,OPN,0,21,1.0,0.0
416,3104,19.371308,-99.177607,OPN,6,22,0.7857142857142857,0.2142857142857143
479,11310,19.444433,-99.179664,OPN,14,10,0.4166666666666667,0.5833333333333333
480,11310,19.446073,-99.181654,OPN,20,0,0.0,1.0
464,11529,19.442421,-99.199838,OPN,0,16,1.0,0.0
333,3810,19.387624,-99.180978,OPN,2,18,0.9,0.09999999999999998
349,3840,19.385688,-99.180857,OPN,5,16,0.7619047619047619,0.23809523809523814
326,3840,19.388978,-99.174811,OPN,1,28,0.9655172413793104,0.03448275862068961
466,11310,19.44269,-99.19083,OPN,26,0,0.0,1.0
474,11320,19.438984,-99.177549,OPN,2,30,0.9375,0.0625
475,11320,19.439249,-99.181065,OPN,1,23,0.9583333333333334,0.04166666666666663
477,11320,19.440905,-99.181743,OPN,11,12,0.5217391304347826,0.4782608695652174
478,11320,19.440818,-99.176961,OPN,6,21,0.7777777777777778,0.2222222222222222
468,11320,19.4366022,-99.1796833,OPN,0,33,1.0,0.0
264,06350,19.440985,-99.152935,OPN,22,13,0.37142857142857144,0.6285714285714286
265,06350,19.440839,-99.152265,OPN,20,15,0.42857142857142855,0.5714285714285714
266,06350,19.444031,-99.152187,OPN,35,0,0.0,1.0
267,06350,19.443735,-99.152203,OPN,36,0,0.0,1.0
268,06350,19.442467,-99.151658,OPN,32,1,0.030303030303030304,0.9696969696969697
269,06350,19.442448,-99.151586,OPN,20,16,0.4444444444444444,0.5555555555555556
271,06350,19.443928,-99.152525,OPN,36,0,0.0,1.0
272,06350,19.443556,-99.152556,OPN,36,0,0.0,1.0
273,06350,19.442707,-99.152956,OPN,12,3,0.2,0.8
274,06350,19.442772,-99.153289,OPN,36,0,0.0,1.0
275,06350,19.441062,-99.153164,OPN,10,23,0.696969696969697,0.303030303030303
176,06350,19.442689,-99.152286,OPN,31,0,0.0,1.0
347,3710,19.384378,-99.176097,OPN,1,26,0.9629629629629629,0.03703703703703709
353,3710,19.382168,-99.178808,OPN,7,20,0.7407407407407407,0.2592592592592593
362,3710,19.382207,-99.181043,OPN,11,10,0.47619047619047616,0.5238095238095238
363,3710,19.380813,-99.183851,OPN,5,16,0.7619047619047619,0.23809523809523814
260,06000,19.435354,-99.147742,OPN,8,15,0.6521739130434783,0.34782608695652173
262,06000,19.43693,-99.13395,OPN,14,18,0.5625,0.4375
87,06000,19.43182,-99.13974,OPN,13,11,0.4583333333333333,0.5416666666666667
89,,19.434946,-99.133989,OPN,5,7,0.5833333333333334,0.41666666666666663
90,06000,19.431698,-99.132446,OPN,2,24,0.9230769230769231,0.07692307692307687
91,06500,19.4374,-99.137571,OPN,9,12,0.5714285714285714,0.4285714285714286
92,06500,19.436531,-99.131497,OPN,8,13,0.6190476190476191,0.38095238095238093
93,06500,19.436741,-99.134811,OPN,13,19,0.59375,0.40625
94,06000,19.433766,-99.130918,OPN,8,16,0.6666666666666666,0.33333333333333337
95,06500,19.430722,-99.133698,OPN,16,1,0.058823529411764705,0.9411764705882353
96,06500,19.430625,-99.14248,OPN,12,17,0.5862068965517241,0.4137931034482759
97,06500,19.429189,-99.132759,OPN,19,7,0.2692307692307692,0.7307692307692308
98,06500,19.430267,-99.14861,OPN,3,30,0.9090909090909091,0.09090909090909094
99,06000,19.42995,-99.14591,OPN,13,16,0.5517241379310345,0.4482758620689655
100,06500,19.428485,-99.1338,OPN,7,17,0.7083333333333334,0.29166666666666663
102,06000,19.42821,-99.13949,OPN,13,1,0.07142857142857142,0.9285714285714286
104,06500,19.427059,-99.137116,OPN,11,3,0.21428571428571427,0.7857142857142857
105,06500,19.426755,-99.135014,OPN,24,0,0.0,1.0
106,06500,19.42649,-99.133537,OPN,25,0,0.0,1.0
107,06500,19.427329,-99.149971,OPN,14,22,0.6111111111111112,0.38888888888888884
108,06500,19.427305,-99.149533,OPN,8,15,0.6521739130434783,0.34782608695652173
109,06500,19.425311,-99.137421,OPN,1,9,0.9,0.09999999999999998
52,06140,19.436236,-99.142039,OPN,6,14,0.7,0.30000000000000004
43,06700,19.435228,-99.146063,OPN,23,10,0.30303030303030304,0.696969696969697
48,06700,19.433686,-99.146557,OPN,11,1,0.08333333333333333,0.9166666666666666
65,06170,19.436142,-99.139906,OPN,8,9,0.5294117647058824,0.47058823529411764
82,06100,19.433115,-99.143686,OPN,7,3,0.3,0.7
29,06500,19.434913,-99.149939,OPN,22,14,0.3888888888888889,0.6111111111111112
192,11510,19.42592,-99.190755,OPN,2,33,0.9428571428571428,0.05714285714285716
194,11510,19.424282,-99.180334,OPN,1,23,0.9583333333333334,0.04166666666666663
195,11100,19.424926,-99.185147,OPN,0,21,1.0,0.0
62,06140,19.413322,-99.175202,OPN,18,0,0.0,1.0
63,06100,19.413681,-99.171531,OPN,2,32,0.9411764705882353,0.05882352941176472
67,06170,19.411797,-99.17588,OPN,11,13,0.5416666666666666,0.45833333333333337
68,06170,19.411556,-99.17406,OPN,2,28,0.9333333333333333,0.06666666666666665
49,06140,19.416712,-99.175704,OPN,9,27,0.75,0.25
50,06140,19.416938,-99.173648,OPN,12,14,0.5384615384615384,0.46153846153846156
53,06140,19.414773,-99.178433,OPN,14,1,0.06666666666666667,0.9333333333333333
54,06700,19.416215,-99.170825,OPN,4,30,0.8823529411764706,0.11764705882352944
57,06140,19.414903,-99.17495,OPN,5,7,0.5833333333333334,0.41666666666666663
58,06140,19.41568,-99.171793,OPN,6,21,0.7777777777777778,0.2222222222222222
60,06140,19.414191,-99.177123,OPN,13,23,0.6388888888888888,0.36111111111111116
447,06140,19.418858,-99.176776,OPN,1,26,0.9629629629629629,0.03703703703703709
4,06500,19.428309,-99.171713,OPN,13,2,0.13333333333333333,0.8666666666666667
5,06500,19.42972,-99.169363,OPN,1,11,0.9166666666666666,0.08333333333333337
6,06500,19.430922,-99.166959,OPN,10,5,0.3333333333333333,0.6666666666666667
7,06500,19.425468,-99.175166,OPN,10,13,0.5652173913043478,0.4347826086956522
1,06500,19.4335714,-99.1678091,OPN,19,5,0.20833333333333334,0.7916666666666666
2,06500,19.431386,-99.171695,OPN,2,10,0.8333333333333334,0.16666666666666663
9,06500,19.428009,-99.169918,OPN,12,12,0.5,0.5
11,06500,19.430992,-99.163593,OPN,2,13,0.8666666666666667,0.1333333333333333
12,06500,19.432313,-99.161597,OPN,3,12,0.8,0.19999999999999996
13,06500,19.42502,-99.17231,OPN,0,36,1.0,0.0
14,06500,19.424768,-99.173261,OPN,0,35,1.0,0.0
15,06500,19.425477,-99.171567,OPN,0,23,1.0,0.0
16,06500,19.427226,-99.168242,OPN,0,36,1.0,0.0
17,06500,19.427501,-99.167125,OPN,1,25,0.9615384615384616,0.038461538461538436
18,06500,19.42888,-99.164176,OPN,0,33,1.0,0.0
19,06500,19.429241,-99.163377,OPN,0,21,1.0,0.0
20,06500,19.430964,-99.160206,OPN,0,24,1.0,0.0
257,06500,19.4338,-99.16622,OPN,1,20,0.9523809523809523,0.04761904761904767
465,11490,19.445039,-99.194078,OPN,15,11,0.4230769230769231,0.5769230769230769
448,06720,19.426611,-99.14447,OPN,15,15,0.5,0.5
122,06500,19.425502,-99.146337,OPN,21,9,0.3,0.7
123,06500,19.424161,-99.153117,OPN,12,17,0.5862068965517241,0.4137931034482759
110,06720,19.42513,-99.14339,OPN,17,8,0.32,0.6799999999999999
298,3103,19.394073,-99.16214,OPN,12,9,0.42857142857142855,0.5714285714285714
299,3103,19.394601,-99.165054,OPN,3,21,0.875,0.125
300,3103,19.393268,-99.168333,OPN,4,15,0.7894736842105263,0.21052631578947367
301,3103,19.393807,-99.171133,OPN,0,24,1.0,0.0
302,3103,19.393832,-99.171466,OPN,0,36,1.0,0.0
291,3103,19.397651,-99.169946,OPN,6,19,0.76,0.24
316,3103,19.391056,-99.1712,OPN,7,18,0.72,0.28
317,3103,19.391456,-99.166157,OPN,24,10,0.29411764705882354,0.7058823529411764
318,3103,19.392249,-99.164127,OPN,2,19,0.9047619047619048,0.09523809523809523
319,3103,19.391991,-99.162684,OPN,7,19,0.7307692307692307,0.2692307692307693
372,3104,19.37797,-99.170289,OPN,5,16,0.7619047619047619,0.23809523809523814
373,3100,19.377968,-99.166663,OPN,14,4,0.2222222222222222,0.7777777777777778
377,3104,19.375394,-99.16375,OPN,8,26,0.7647058823529411,0.23529411764705888
378,3104,19.375823,-99.168076,OPN,9,20,0.6896551724137931,0.31034482758620685
379,3104,19.375751,-99.17084,OPN,10,26,0.7222222222222222,0.2777777777777778
393,3200,19.372796,-99.172558,OPN,4,31,0.8857142857142857,0.11428571428571432
356,3100,19.381292,-99.170171,OPN,0,18,1.0,0.0
357,3100,19.380598,-99.1669248,OPN,3,21,0.875,0.125
358,3100,19.380168,-99.164222,OPN,9,15,0.625,0.375
359,3100,19.379269,-99.161169,OPN,14,19,0.5757575757575758,0.4242424242424242
360,3100,19.3790279,-99.1628259,OPN,13,8,0.38095238095238093,0.6190476190476191
344,3100,19.382107,-99.162243,OPN,4,23,0.8518518518518519,0.14814814814814814
323,3103,19.389026,-99.163403,OPN,6,18,0.75,0.25
324,3100,19.3872468,-99.1656554,OPN,18,0,0.0,1.0
325,3100,19.3881779,-99.1696894,OPN,4,18,0.8181818181818182,0.18181818181818177
335,3100,19.387003,-99.173504,OPN,1,32,0.9696969696969697,0.030303030303030276
336,3100,19.385531,-99.169673,OPN,13,8,0.38095238095238093,0.6190476190476191
337,3100,19.384849,-99.16704,OPN,8,12,0.6,0.4
338,3100,19.384249,-99.163273,OPN,5,16,0.7619047619047619,0.23809523809523814
292,3103,19.396917,-99.166264,OPN,2,33,0.9428571428571428,0.05714285714285716
293,3103,19.397373,-99.164598,OPN,6,29,0.8285714285714286,0.17142857142857137
294,3020,19.396513,-99.160924,OPN,1,23,0.9583333333333334,0.04166666666666663
278,3103,19.40071,-99.163831,OPN,7,13,0.65,0.35
279,3103,19.399908,-99.166553,OPN,1,27,0.9642857142857143,0.0357142857142857
282,3103,19.398692,-99.161273,OPN,14,4,0.2222222222222222,0.7777777777777778
283,3103,19.39827,-99.167383,OPN,4,17,0.8095238095238095,0.19047619047619047
394,3104,19.372437,-99.171592,OPN,2,33,0.9428571428571428,0.05714285714285716
395,3104,19.373742,-99.169814,OPN,9,20,0.6896551724137931,0.31034482758620685
396,3104,19.371554,-99.170187,OPN,2,19,0.9047619047619048,0.09523809523809523
397,3104,19.373194,-99.167247,OPN,9,21,0.7,0.30000000000000004
398,3104,19.37103,-99.16566,OPN,18,7,0.28,0.72
399,3104,19.372407,-99.164519,OPN,10,24,0.7058823529411765,0.2941176470588235
400,3104,19.3726458,-99.1642743,OPN,16,13,0.4482758620689655,0.5517241379310345
435,3230,19.365154,-99.172906,OPN,4,30,0.8823529411764706,0.11764705882352944
391,3104,19.373142,-99.178283,OPN,12,7,0.3684210526315789,0.631578947368421
413,3104,19.369782,-99.171906,OPN,6,29,0.8285714285714286,0.17142857142857137
414,3104,19.370187,-99.173712,OPN,2,24,0.9230769230769231,0.07692307692307687
415,3104,19.371498,-99.17602,OPN,11,19,0.6333333333333333,0.3666666666666667
424,3104,19.367208,-99.170531,OPN,2,13,0.8666666666666667,0.1333333333333333
425,3104,19.367087,-99.16741,OPN,7,28,0.8,0.19999999999999996
285,11800,19.3997946,-99.1775178,OPN,9,9,0.5,0.5
286,11800,19.399201,-99.179943,OPN,4,16,0.8,0.19999999999999996
287,11800,19.398946,-99.183254,OPN,3,17,0.85,0.15000000000000002
175,11800,19.400767,-99.172533,OPN,2,22,0.9166666666666666,0.08333333333333337
166,11800,19.406069,-99.183549,OPN,5,19,0.7916666666666666,0.20833333333333337
167,11800,19.404651,-99.179375,OPN,6,18,0.75,0.25
168,11800,19.403997,-99.1776,OPN,20,1,0.047619047619047616,0.9523809523809523
169,11800,19.403019,-99.174934,OPN,19,0,0.0,1.0
170,11800,19.404029,-99.184342,OPN,19,2,0.09523809523809523,0.9047619047619048
171,11800,19.402584,-99.178199,OPN,21,6,0.2222222222222222,0.7777777777777778
172,11800,19.4034921,-99.1816002,OPN,15,3,0.16666666666666666,0.8333333333333334
173,1100,19.401682,-99.176398,OPN,20,1,0.047619047619047616,0.9523809523809523
387,3920,19.37455556,-99.180505555556,OPN,8,10,0.5555555555555556,0.4444444444444444
381,3200,19.375541,-99.177894,OPN,1,25,0.9615384615384616,0.038461538461538436
382, 3200 ,19.375591,-99.178084,OPN,3,21,0.875,0.125
383,3740,19.375764,-99.181527,OPN,6,8,0.5714285714285714,0.4285714285714286
368,3740,19.379246,-99.179344,OPN,0,24,1.0,0.0
428,3340,19.363418,-99.160353,OPN,9,18,0.6666666666666666,0.33333333333333337
431,3340,19.36145,-99.15822,OPN,7,14,0.6666666666666666,0.33333333333333337
432,3340,19.361296,-99.162581,OPN,5,31,0.8611111111111112,0.13888888888888884
443,3340,19.359655,-99.162025,OPN,9,20,0.6896551724137931,0.31034482758620685
444,3340,19.359384,-99.159425,OPN,4,14,0.7777777777777778,0.2222222222222222
446,3340,19.3586,-99.156101,OPN,14,22,0.6111111111111112,0.38888888888888884
467,11520,19.440399,-99.186784,OPN,3,21,0.875,0.125
476,11460,19.442127,-99.184433,OPN,10,26,0.7222222222222222,0.2777777777777778
240,11510,19.43855,-99.2063,OPN,0,36,1.0,0.0
199,11510,19.437934,-99.197241,OPN,4,20,0.8333333333333334,0.16666666666666663
244,11510,19.440885,-99.193315,OPN,1,17,0.9444444444444444,0.05555555555555558
245,11510,19.43819,-99.19048,OPN,1,23,0.9583333333333334,0.04166666666666663
242,11510,19.440344,-99.20105,OPN,0,29,1.0,0.0
197,11520,19.440077,-99.204316,OPN,0,36,1.0,0.0
72,06170,19.409893,-99.179544,OPN,10,16,0.6153846153846154,0.3846153846153846
73,06170,19.410245,-99.175612,OPN,11,23,0.6764705882352942,0.32352941176470584
177,06170,19.408841,-99.181692,OPN,4,17,0.8095238095238095,0.19047619047619047
178,06170,19.406833,-99.180457,OPN,17,9,0.34615384615384615,0.6538461538461539
66,06170,19.411402,-99.178666,OPN,4,22,0.8461538461538461,0.15384615384615385
75,06170,19.408722,-99.17669,OPN,8,5,0.38461538461538464,0.6153846153846154
76,06100,19.408736,-99.169913,OPN,13,8,0.38095238095238093,0.6190476190476191
77,06100,19.406765,-99.178321,OPN,3,12,0.8,0.19999999999999996
78,06170,19.407503,-99.177382,OPN,14,21,0.6,0.4
79,06100,19.407534,-99.174427,OPN,3,23,0.8846153846153846,0.11538461538461542
80,06100,19.407307,-99.172118,OPN,14,22,0.6111111111111112,0.38888888888888884
81,06100,19.408006,-99.168475,OPN,22,3,0.12,0.88
83,06100,19.406296,-99.172117,OPN,5,9,0.6428571428571429,0.3571428571428571
84,06100,19.40702,-99.169587,OPN,12,8,0.4,0.6
64,06100,19.412877,-99.166986,OPN,24,11,0.3142857142857143,0.6857142857142857
69,06100,19.410733,-99.168111,OPN,4,17,0.8095238095238095,0.19047619047619047
70,06100,19.411272,-99.169718,OPN,14,22,0.6111111111111112,0.38888888888888884
71,06100,19.411423,-99.171351,OPN,3,33,0.9166666666666666,0.08333333333333337
61,06100,19.413742,-99.169525,OPN,0,36,1.0,0.0
59,06100,19.415121,-99.166661,OPN,4,31,0.8857142857142857,0.11428571428571432
179,06100,19.404452,-99.171438,OPN,1,26,0.9629629629629629,0.03703703703703709
180,06100,19.404554,-99.169953,OPN,6,24,0.8,0.19999999999999996
181,06100,19.40472,-99.17448,OPN,12,11,0.4782608695652174,0.5217391304347826
182,11800,19.402089,-99.17139,OPN,1,34,0.9714285714285714,0.02857142857142858
74,06100,19.410343,-99.172831,OPN,7,20,0.7407407407407407,0.2592592592592593
384,3920,19.375873,-99.185583,OPN,11,10,0.47619047619047616,0.5238095238095238
385,3920,19.375651,-99.18558,OPN,20,15,0.42857142857142855,0.5714285714285714
386,3920,19.37484,-99.185846,OPN,14,22,0.6111111111111112,0.38888888888888884
388,3920,19.373038,-99.181355,OPN,6,14,0.7,0.30000000000000004
417,3920,19.373262,-99.184333,OPN,8,22,0.7333333333333333,0.2666666666666667
418,3920,19.371152,-99.183034,OPN,8,25,0.7575757575757576,0.24242424242424243
419,3920,19.370606,-99.181502,OPN,13,16,0.5517241379310345,0.4482758620689655
460,11510,19.437014,-99.207932,OPN,0,32,1.0,0.0
461,11500,19.440106,-99.210031,OPN,3,30,0.9090909090909091,0.09090909090909094
462,11500,19.442338,-99.205198,OPN,3,21,0.875,0.125
355,3100,19.38205,-99.173291,OPN,1,20,0.9523809523809523,0.04761904761904767
345,3100,19.384498,-99.172223,OPN,4,17,0.8095238095238095,0.19047619047619047
346,3100,19.385019,-99.174077,OPN,1,23,0.9583333333333334,0.04166666666666663
361,3100,19.380709,-99.17508,OPN,0,26,1.0,0.0
261,06500,19.42495,-99.17246,OPN,0,30,1.0,0.0
21,06500,19.42472,-99.17206,OPN,6,17,0.7391304347826086,0.26086956521739135
22,06500,19.424375,-99.172575,OPN,6,28,0.8235294117647058,0.17647058823529416
23,06500,19.42517,-99.17105,OPN,1,35,0.9722222222222222,0.02777777777777779
24,06500,19.42647,-99.16822,OPN,1,26,0.9629629629629629,0.03703703703703709
25,06500,19.427317,-99.166662,OPN,0,27,1.0,0.0
26,06500,19.432685,-99.154726,OPN,2,14,0.875,0.125
27,06500,19.429115,-99.162614,OPN,0,35,1.0,0.0
28,06500,19.423542,-99.172494,OPN,15,12,0.4444444444444444,0.5555555555555556
3,06500,19.431655,-99.158668,OPN,23,8,0.25806451612903225,0.7419354838709677
8,06500,19.431141,-99.158317,OPN,0,12,1.0,0.0
30,06500,19.426442,-99.164323,OPN,11,25,0.6944444444444444,0.3055555555555556
31,06500,19.427838,-99.161193,OPN,4,29,0.8787878787878788,0.12121212121212122
32,06500,19.422705,-99.169922,OPN,5,31,0.8611111111111112,0.13888888888888884
33,06500,19.424234,-99.166431,OPN,4,17,0.8095238095238095,0.19047619047619047
34,05600,19.424725,-99.163331,OPN,12,22,0.6470588235294118,0.3529411764705882
35,06500,19.424674,-99.163292,OPN,4,32,0.8888888888888888,0.11111111111111116
112,06500,19.432819,-99.151734,OPN,13,11,0.4583333333333333,0.5416666666666667
113,06500,19.430369,-99.154419,OPN,0,21,1.0,0.0
114,06500,19.428989,-99.153618,OPN,0,24,1.0,0.0
115,06500,19.429947,-99.159698,OPN,0,25,1.0,0.0
116,06500,19.428985,-99.15664,OPN,4,20,0.8333333333333334,0.16666666666666663
117,06500,19.427132,-99.160369,OPN,2,29,0.9354838709677419,0.06451612903225812
118,06500,19.427114,-99.158251,OPN,9,12,0.5714285714285714,0.4285714285714286
119,06600,19.42679,-99.15554,OPN,23,9,0.28125,0.71875
120,06500,19.425437,-99.159458,OPN,0,22,1.0,0.0
121,06500,19.424137,-99.161317,OPN,1,16,0.9411764705882353,0.05882352941176472
457,11000,19.42703,-99.212845,OPN,9,13,0.5909090909090909,0.40909090909090906
454,11000,19.425905,-99.204236,OPN,4,20,0.8333333333333334,0.16666666666666663
455,11000,19.426308,-99.203302,OPN,0,22,1.0,0.0
456,11000,19.427517,-99.208412,OPN,0,22,1.0,0.0
458,11000,19.428679,-99.206605,OPN,0,22,1.0,0.0
459,11000,19.429243,-99.207267,OPN,3,20,0.8695652173913043,0.13043478260869568
404,3650,19.373813,-99.157387,OPN,13,16,0.5517241379310345,0.4482758620689655
405,3303,19.370619,-99.156626,OPN,24,6,0.2,0.8
374,3100,19.376964,-99.161116,OPN,21,8,0.27586206896551724,0.7241379310344828
375,3650,19.376865,-99.158818,OPN,11,12,0.5217391304347826,0.4782608695652174
376,3650,19.375442,-99.161595,OPN,1,26,0.9629629629629629,0.03703703703703709
453,11000,19.424842,-99.203739,OPN,0,33,1.0,0.0
334,3840,19.386568,-99.175089,OPN,0,27,1.0,0.0
348,3710,19.385365,-99.178216,OPN,13,3,0.1875,0.8125
313,3810,19.391431,-99.178989,OPN,1,23,0.9583333333333334,0.04166666666666663
314,3810,19.391647,-99.177331,OPN,0,21,1.0,0.0
315,3810,19.391472,-99.1736,OPN,0,20,1.0,0.0
327,3810,19.38885,-99.17772,OPN,15,7,0.3181818181818182,0.6818181818181819
284,3810,19.397693,-99.172981,OPN,0,33,1.0,0.0
289,3810,19.397308,-99.174548,OPN,4,14,0.7777777777777778,0.2222222222222222
290,3810,19.396333,-99.172667,OPN,6,21,0.7777777777777778,0.2222222222222222
303,3810,19.394842,-99.173025,OPN,26,0,0.0,1.0
304,3810,19.395043,-99.173821,OPN,0,32,1.0,0.0
305,3810,19.394693,-99.175531,OPN,0,34,1.0,0.0
306,3810,19.393699,-99.175664,OPN,0,36,1.0,0.0
307,3810,19.393701,-99.175834,OPN,0,0,,
308,3810,19.393594,-99.178072,OPN,0,30,1.0,0.0
309,3810,19.393162,-99.17956,OPN,0,27,1.0,0.0
295,3020,19.396328,-99.156871,OPN,35,1,0.027777777777777776,0.9722222222222222
296,3020,19.394283,-99.158756,OPN,11,8,0.42105263157894735,0.5789473684210527
297,3020,19.394412,-99.158907,OPN,4,27,0.8709677419354839,0.12903225806451613
320,3020,19.391323,-99.15936,OPN,4,12,0.75,0.25
321,3020,19.389477,-99.157513,OPN,12,12,0.5,0.5
322,3020,19.388528,-99.160616,OPN,5,22,0.8148148148148148,0.18518518518518523
280,3020,19.4015,-99.156406,OPN,33,2,0.05714285714285714,0.9428571428571428
281,3020,19.398532,-99.157308,OPN,15,11,0.4230769230769231,0.5769230769230769
339,3020,19.386032,-99.160548,OPN,11,9,0.45,0.55
340,3020,19.385571,-99.158188,OPN,12,18,0.6,0.4
341,3020,19.382851,-99.158204,OPN,9,21,0.7,0.30000000000000004
342,3020,19.381076,-99.159455,OPN,12,17,0.5862068965517241,0.4137931034482759
343,3100,19.384099,-99.160826,OPN,9,9,0.5,0.5
354,3720,19.381665,-99.176685,OPN,1,22,0.9565217391304348,0.04347826086956519
369,3740,19.379884,-99.177478,OPN,0,35,1.0,0.0
366,3740,19.378345,-99.181973,OPN,7,16,0.6956521739130435,0.30434782608695654
367,3720,19.37946,-99.181632,OPN,1,20,0.9523809523809523,0.04761904761904767
276,3020,19.401986,-99.156366,OPN,9,21,0.7,0.30000000000000004
277,3020,19.401807,-99.15909,OPN,16,11,0.4074074074074074,0.5925925925925926
36,06140,19.419725,-99.175778,OPN,9,24,0.7272727272727273,0.2727272727272727
198,11550,19.438168,-99.203888,OPN,0,26,1.0,0.0
196,11510,19.438349,-99.192904,OPN,5,22,0.8148148148148148,0.18518518518518523
200,11510,19.437596,-99.188785,OPN,6,21,0.7777777777777778,0.2222222222222222
201,11510,19.437431,-99.187215,OPN,3,15,0.8333333333333334,0.16666666666666663
202,11510,19.4362368,-99.1988982,OPN,2,19,0.9047619047619048,0.09523809523809523
203,11510,19.435985,-99.194832,OPN,1,23,0.9583333333333334,0.04166666666666663
204,11510,19.435882,-99.19152,OPN,13,14,0.5185185185185185,0.4814814814814815
205,11510,19.435525,-99.184713,OPN,1,20,0.9523809523809523,0.04761904761904767
206,11550,19.435798,-99.201419,OPN,0,24,1.0,0.0
207,11510,19.434861,-99.183322,OPN,8,16,0.6666666666666666,0.33333333333333337
208,11510,19.434182,-99.189835,OPN,20,7,0.25925925925925924,0.7407407407407407
209,11510,19.435478,-99.206359,OPN,0,24,1.0,0.0
210,11550,19.434076,-99.194091,OPN,9,16,0.64,0.36
211,11510,19.433607,-99.188528,OPN,17,17,0.5,0.5
212,11510,19.433567,-99.188096,OPN,9,27,0.75,0.25
213,11510,19.43432,-99.20632,OPN,0,27,1.0,0.0
214,11550,19.434353,-99.20322,OPN,0,24,1.0,0.0
215,11510,19.43384,-99.19968,OPN,0,24,1.0,0.0
216,11510,19.433419,-99.195746,OPN,0,24,1.0,0.0
217,11510,19.432888,-99.183605,OPN,2,33,0.9428571428571428,0.05714285714285716
218,11510,19.432451,-99.188033,OPN,3,21,0.875,0.125
219,11510,19.433542,-99.207808,OPN,0,35,1.0,0.0
220,11510,19.432655,-99.205727,OPN,0,24,1.0,0.0
221,11510,19.431799,-99.201565,OPN,0,23,1.0,0.0
222,11510,19.431417,-99.195774,OPN,2,20,0.9090909090909091,0.09090909090909094
223,11550,19.431242,-99.191613,OPN,4,24,0.8571428571428571,0.1428571428571429
224,11510,19.431255,-99.188065,OPN,1,19,0.95,0.050000000000000044
225,11510,19.431172,-99.185612,OPN,6,17,0.7391304347826086,0.26086956521739135
226,11511,19.431033,-99.18222,OPN,10,16,0.6153846153846154,0.3846153846153846
227,11550,19.431791,-99.207373,OPN,1,23,0.9583333333333334,0.04166666666666663
228,11510,19.427705,-99.19912,OPN,0,21,1.0,0.0
229,11510,19.430515,-99.203331,OPN,0,20,1.0,0.0
230,11510,19.430098,-99.200074,OPN,0,18,1.0,0.0
231,11510,19.42977,-99.19349,OPN,0,27,1.0,0.0
232,11550,19.42894,-99.185389,OPN,0,30,1.0,0.0
233,11510,19.429314,-99.196965,OPN,0,14,1.0,0.0
234,11550,19.42783,-99.191539,OPN,0,27,1.0,0.0
235,11550,19.42933,-99.20218,OPN,0,27,1.0,0.0
236,11550,19.42944,-99.20243,OPN,0,30,1.0,0.0
237,11550,19.426744,-99.193986,OPN,2,27,0.9310344827586207,0.06896551724137934
238,11550,19.426765,-99.193752,OPN,0,27,1.0,0.0
239,11510,19.430153,-99.181355,OPN,1,19,0.95,0.050000000000000044
451,11550,19.42902,-99.201322,OPN,0,36,1.0,0.0
407,3320,19.367294,-99.158694,OPN,1,20,0.9523809523809523,0.04761904761904767
408,3320,19.36677,-99.156843,OPN,13,9,0.4090909090909091,0.5909090909090908
449,06700,19.42018,-99.174393,OPN,7,14,0.6666666666666666,0.33333333333333337
42,06700,19.420472,-99.168238,OPN,3,21,0.875,0.125
37,06700,19.420419,-99.172676,OPN,3,17,0.85,0.15000000000000002
38,06700,19.420801,-99.171407,OPN,2,32,0.9411764705882353,0.05882352941176472
39,06700,19.421759,-99.16694,OPN,0,21,1.0,0.0
40,06700,19.42223,-99.164297,OPN,1,22,0.9565217391304348,0.04347826086956519
56,06700,19.416959,-99.165702,OPN,1,34,0.9714285714285714,0.02857142857142858
51,06700,19.417995,-99.168248,OPN,2,23,0.92,0.07999999999999996
44,06140,19.418057,-99.174761,OPN,1,14,0.9333333333333333,0.06666666666666665
45,06700,19.418649,-99.172127,OPN,2,34,0.9444444444444444,0.05555555555555558
46,06700,19.419214,-99.169732,OPN,0,35,1.0,0.0
47,06700,19.419515,-99.166299,OPN,0,23,1.0,0.0
125,06500,19.424541,-99.156204,OPN,10,26,0.7222222222222222,0.2777777777777778
126,06700,19.422288,-99.162138,OPN,6,28,0.8235294117647058,0.17647058823529416
127,06700,19.423318,-99.15833,OPN,15,14,0.4827586206896552,0.5172413793103448
128,06500,19.422148,-99.160645,OPN,19,5,0.20833333333333334,0.7916666666666666
129,06700,19.4206,-99.163312,OPN,0,24,1.0,0.0
130,06700,19.421576,-99.158015,OPN,8,13,0.6190476190476191,0.38095238095238093
131,06700,19.419579,-99.161314,OPN,6,12,0.6666666666666666,0.33333333333333337
132,06700,19.420667,-99.15645,OPN,19,5,0.20833333333333334,0.7916666666666666
133,06700,19.421138,-99.154725,OPN,33,1,0.029411764705882353,0.9705882352941176
134,06700,19.418304,-99.15956,OPN,18,15,0.45454545454545453,0.5454545454545454
135,06700,19.419225,-99.155099,OPN,8,28,0.7777777777777778,0.2222222222222222
136,06700,19.417715,-99.162729,OPN,5,22,0.8148148148148148,0.18518518518518523
137,06700,19.418774,-99.157081,OPN,15,12,0.4444444444444444,0.5555555555555556
138,06700,19.417702,-99.155313,OPN,14,10,0.4166666666666667,0.5833333333333333
139,06700,19.416128,-99.162097,OPN,0,24,1.0,0.0
140,06700,19.416605,-99.156853,OPN,8,10,0.5555555555555556,0.4444444444444444
141,06700,19.415905,-99.15954,OPN,19,11,0.36666666666666664,0.6333333333333333
142,06700,19.413232,-99.164121,OPN,7,23,0.7666666666666667,0.23333333333333328
143,06700,19.414303,-99.157542,OPN,9,12,0.5714285714285714,0.4285714285714286
144,06700,19.415192,-99.154837,OPN,22,4,0.15384615384615385,0.8461538461538461
145,06700,19.41286,-99.160661,OPN,16,11,0.4074074074074074,0.5925925925925926
146,06700,19.410737,-99.165716,OPN,10,14,0.5833333333333334,0.41666666666666663
147,06700,19.412182,-99.158443,OPN,13,14,0.5185185185185185,0.4814814814814815
148,06700,19.412829,-99.155116,OPN,7,17,0.7083333333333334,0.29166666666666663
149,06700,19.41199,-99.155699,OPN,16,16,0.5,0.5
150,06760,19.409965,-99.164292,OPN,15,11,0.4230769230769231,0.5769230769230769
151,06760,19.410529,-99.160873,OPN,14,13,0.48148148148148145,0.5185185185185186
152,06760,19.409098,-99.167181,OPN,10,18,0.6428571428571429,0.3571428571428571
153,06760,19.407468,-99.165141,OPN,7,14,0.6666666666666666,0.33333333333333337
154,06100,19.406683,-99.167962,OPN,28,5,0.15151515151515152,0.8484848484848485
155,06760,19.408218,-99.159911,OPN,16,2,0.1111111111111111,0.8888888888888888
156,06760,19.406982,-99.162983,OPN,9,12,0.5714285714285714,0.4285714285714286
157,06760,19.406236,-99.166616,OPN,14,15,0.5172413793103449,0.48275862068965514
158,06760,19.407447,-99.155717,OPN,6,28,0.8235294117647058,0.17647058823529416
161,06760,19.405533,-99.164913,OPN,9,10,0.5263157894736842,0.4736842105263158
162,06760,19.404907,-99.162485,OPN,10,17,0.6296296296296297,0.37037037037037035
163,06760,19.405246,-99.156431,OPN,27,9,0.25,0.75
164,06760,19.403204,-99.16596,OPN,17,10,0.37037037037037035,0.6296296296296297
165,06760,19.404268,-99.160503,OPN,13,8,0.38095238095238093,0.6190476190476191
427,3310,19.365023,-99.162993,OPN,11,10,0.47619047619047616,0.5238095238095238
409,3310,19.365102,-99.155499,OPN,9,13,0.5909090909090909,0.40909090909090906
410,3310,19.36564,-99.158063,OPN,10,13,0.5652173913043478,0.4347826086956522
411,3310,19.367864,-99.163626,OPN,10,25,0.7142857142857143,0.2857142857142857
412,3310,19.3684182,-99.1654145,OPN,16,20,0.5555555555555556,0.4444444444444444
406,3310,19.367831,-99.163261,OPN,5,15,0.75,0.25
429,3310,19.363071,-99.158292,OPN,13,8,0.38095238095238093,0.6190476190476191
430,3310,19.362139,-99.154974,OPN,24,6,0.2,0.8
401,3310,19.372147,-99.16158,OPN,7,23,0.7666666666666667,0.23333333333333328
402,3310,19.3709452,-99.1587223,OPN,16,12,0.42857142857142855,0.5714285714285714
403,3310,19.371371,-99.158639,OPN,0,29,1.0,0.0
184,11850,19.41479,-99.18508,OPN,11,24,0.6857142857142857,0.3142857142857143
185,11850,19.4128,-99.1828,OPN,13,16,0.5517241379310345,0.4482758620689655
186,11850,19.4124291,-99.1885117,OPN,3,14,0.8235294117647058,0.17647058823529416
187,11850,19.41123,-99.18551,OPN,13,8,0.38095238095238093,0.6190476190476191
188,11850,19.41171,-99.19014,OPN,3,12,0.8,0.19999999999999996
189,11850,19.41004,-99.18798,OPN,6,11,0.6470588235294118,0.3529411764705882
190,11850,19.409569,-99.183833,OPN,11,12,0.5217391304347826,0.4782608695652174
191,11850,19.4079,-99.18795,OPN,18,3,0.14285714285714285,0.8571428571428572
258,11850,19.4167,-99.1791,OPN,15,15,0.5,0.5
352,3700,19.384114,-99.185447,OPN,3,27,0.9,0.09999999999999998
364,3700,19.383063,-99.185858,OPN,3,24,0.8888888888888888,0.11111111111111116
365,3700,19.381117,-99.186687,OPN,5,24,0.8275862068965517,0.1724137931034483
351,3800,19.385751,-99.186297,OPN,14,3,0.17647058823529413,0.8235294117647058
328,3800,19.392586,-99.184742,OPN,11,16,0.5925925925925926,0.40740740740740744
329,3800,19.390306,-99.184812,OPN,8,16,0.6666666666666666,0.33333333333333337
330,3800,19.389358,-99.182606,OPN,0,18,1.0,0.0
331,3800,19.388547,-99.183971,OPN,3,24,0.8888888888888888,0.11111111111111116
332,3800,19.385508,-99.183809,OPN,3,21,0.875,0.125
288,3800,19.396333,-99.183575,OPN,13,5,0.2777777777777778,0.7222222222222222
310,3800,19.395319,-99.181733,OPN,11,3,0.21428571428571427,0.7857142857142857
311,3800,19.393665,-99.185391,OPN,4,14,0.7777777777777778,0.2222222222222222
312,3800,19.392634,-99.183737,OPN,11,16,0.5925925925925926,0.40740740740740744
263,06470,19.436274,-99.158425,OPN,1,29,0.9666666666666667,0.033333333333333326
160,06470,19.44025,-99.16346,OPN,7,17,0.7083333333333334,0.29166666666666663
254,06470,19.43935,-99.16007,OPN,19,11,0.36666666666666664,0.6333333333333333
255,06470,19.437159,-99.161808,OPN,3,32,0.9142857142857143,0.08571428571428574
256,06470,19.4372,-99.15816,OPN,2,25,0.9259259259259259,0.07407407407407407
183,06470,19.43767,-99.16402,OPN,8,26,0.7647058823529411,0.23529411764705888
174,06470,19.44111,-99.16164,OPN,32,1,0.030303030303030304,0.9696969696969697
111,06470,19.4382369,-99.1659465,OPN,20,4,0.16666666666666666,0.8333333333333334
103,06470,19.441669,-99.165217,OPN,22,3,0.12,0.88
85,06470,19.43425,-99.162508,OPN,13,0,0.0,1.0
86,06470,19.432378,-99.159077,OPN,3,17,0.85,0.15000000000000002
41,06700,19.435637,-99.150137,OPN,0,36,1.0,0.0
10,06500,19.433321,-99.154752,OPN,13,22,0.6285714285714286,0.37142857142857144
270,06030,19.43676,-99.15387,OPN,6,30,0.8333333333333334,0.16666666666666663
259,06030,19.43757,-99.15468,OPN,11,13,0.5416666666666666,0.45833333333333337
450,06350,19.43836,-99.152226,OPN,11,19,0.6333333333333333,0.3666666666666667
392,3200,19.3730067,-99.1747749,OPN,4,17,0.8095238095238095,0.19047619047619047
389,3920,19.373528,-99.179356,OPN,0,35,1.0,0.0
390,3104,19.373228,-99.17826,OPN,3,32,0.9142857142857143,0.08571428571428574
370,3200,19.378818,-99.177054,OPN,0,30,1.0,0.0
371,3200,19.378542,-99.174328,OPN,0,20,1.0,0.0
380,3200,19.374876,-99.173512,OPN,4,23,0.8518518518518519,0.14814814814814814
441,3330,19.361215,-99.167527,OPN,8,26,0.7647058823529411,0.23529411764705888
442,3330,19.359905,-99.1653,OPN,22,4,0.15384615384615385,0.8461538461538461
426,3330,19.365519,-99.166017,OPN,12,22,0.6470588235294118,0.3529411764705882
